user_id,current_segment,converted,conversion_prob,confidence_tier,rank
3d666d08-910c-43ff-be87-4572f6c0a51c,power,0,0.6808,medium,1
bdb1b2aa-aaa0-41bd-b8ca-379d552770d1,power,0,0.6803,medium,2
bfcad851-6252-45a0-b86c-2601fb5234fd,power,0,0.6766,medium,3
cf55549e-b9ce-472f-ae89-e0ecc73cb81a,power,0,0.6765,medium,4
9390c3c6-c1e4-4e46-a609-3b9c7e79c4f3,power,1,0.6764,medium,5
176c63c6-daee-4b16-941b-0471eb980e18,power,0,0.6756,medium,6
c01a6ec9-e898-4092-be17-fa1017bc13d3,power,0,0.6751,medium,7
a7b3473e-2af6-459f-a608-c5d361f96968,power,0,0.6751,medium,7
584d0632-52ec-4231-acfb-b053cd4f4d88,power,1,0.6722,medium,9
d85f656d-fafb-4782-a4f3-ba5835d3cd08,power,0,0.6697,medium,10
f41b91e1-59c4-42ab-8576-2ce17453d218,power,0,0.6678,medium,11
31a37c69-b2d6-42a3-b681-6c7d3518b123,power,0,0.6675,medium,12
b13115a0-64eb-4600-9234-d447b586f9ab,power,0,0.6661,medium,13
ccedc38c-5343-4320-b4ee-f36787fb0eb9,power,0,0.6629,medium,14
2d122fc3-027d-427a-809a-9c89e8c35bbe,power,0,0.6628,medium,15
2d867caa-3413-4891-baf7-dc1bc566f15e,power,0,0.662,medium,16
1784ded2-3de5-47b4-b37f-39ea8afe344c,power,0,0.6609,medium,17
7467cdea-36ec-4fdc-bd70-9e22b300e01d,power,0,0.6602,medium,18
f882af09-bf46-453b-897d-4cf0e9d06236,power,0,0.6601,medium,19
860b127b-8747-4398-abb9-f940edc369c7,power,0,0.6588,medium,20
84419e91-3a85-48c3-810b-ffee8cf58419,power,0,0.6579,medium,21
e55d637f-856d-481f-9654-774b577df7f3,power,0,0.6552,medium,22
f630864b-71d0-40d4-985a-ddeccb2fde81,power,0,0.654,medium,23
f6215ac0-a83b-4115-8086-d4a007ff30a6,power,0,0.651,medium,24
75a8657e-5ba1-4904-9f5f-668942a04c1e,power,0,0.65,medium,25
533582cc-dfa7-4581-b550-ce6187c20181,power,0,0.6486,medium,26
8dafa19a-e9b7-4fb4-8fc0-f051ddabf9ec,power,0,0.6468,medium,27
169a9bab-e415-43c6-abf2-d81aa23e2314,power,0,0.6462,medium,28
0c00e546-e026-43dc-83e2-8929da26d316,power,0,0.6461,medium,29
70e1601b-ef3d-4a39-bd69-5e44ea3c09b4,power,0,0.6453,medium,30
6391851d-1837-44c1-8a55-11332486caed,power,0,0.6448,medium,31
a85b1977-cc0b-43ba-b40d-66180f714819,power,0,0.6445,medium,32
7415009c-888b-42ff-8522-3e7e3c996a07,power,0,0.6437,medium,33
f82167f7-238c-4616-8c6f-ddacd990467b,power,0,0.6435,medium,34
1c91bc95-9c6d-455d-a9fd-e13a1a7b4dbd,power,0,0.6432,medium,35
7d991fd6-6794-499f-89f9-616967481408,power,0,0.6431,medium,36
444e036e-71d2-46a4-b6f2-ee44f21f4154,power,0,0.6426,medium,37
9f3e0de6-bbf7-46b5-9206-0c8edd841d46,power,0,0.6425,medium,38
dc8492a1-f4e3-447c-b35e-29501fbf8707,power,0,0.6423,medium,39
e34e2b0d-b169-4f4f-8e24-2a2df20ceda3,power,0,0.6413,medium,40
c60710ab-5536-44d8-b5c1-b24f320cea83,power,0,0.6412,medium,41
8be17a99-c2bf-40ca-a2d6-820982284d92,power,0,0.6388,medium,42
597cee2e-6afc-4dd0-869c-5fb6e66be14d,power,0,0.6387,medium,43
0fea4923-a4fd-4e41-b07a-a564f1a42190,power,0,0.6361,medium,44
4277d834-ec33-4dcb-8066-f3452719bb5d,power,1,0.6343,medium,45
0606da3e-093f-4424-a10c-cf7853d0a5a4,power,0,0.631,medium,46
13e05ef9-0801-499e-a693-c3f6133ac647,power,0,0.63,medium,47
e812fc5a-69e2-4f83-a1bb-9bd93b7519c7,power,0,0.6273,medium,48
6c734c4e-24d4-47bf-8d17-393788759aeb,power,0,0.6268,medium,49
0a5a42b6-c8ec-4019-a82b-51a008a5b7d2,power,0,0.6257,medium,50
28caf9df-3b76-41c8-a4e4-cd1db420fd4c,power,0,0.6254,medium,51
9a6aa3ec-a796-451c-9840-c21f53755d7f,power,0,0.6253,medium,52
33dbf94d-2b53-4775-93ed-7d8d7a66d739,power,0,0.6252,medium,53
28cc9ebb-b2b9-4c33-a980-64400d69edcc,power,0,0.6251,medium,54
5f07f1f0-10d6-42c4-84fa-c8a8c9419e11,power,0,0.6248,medium,55
ef91d896-250c-4795-9bed-6c85a1570288,power,0,0.6226,medium,56
8652d106-7c93-41ed-a227-312cc1fc79f4,power,0,0.6188,medium,57
97fde7fc-9828-48c1-b611-a23cb0e0b31d,power,0,0.6185,medium,58
3dcab8a7-a191-4114-af72-975f65fc57cb,power,0,0.6173,medium,59
05f53f2d-e9ee-43e0-8c7f-49107cc3cd80,power,0,0.6159,medium,60
d58b2fab-e015-4dbb-9a29-96a1636c6c33,power,0,0.6084,medium,61
600df42f-3fa0-4236-8a29-c85ac071b94c,power,0,0.6079,medium,62
d1928201-97d3-48ef-ba0a-b823b28623ba,power,0,0.6038,medium,63
dd0a5f8c-7ece-43d8-9858-7e15d0b376bb,power,0,0.603,medium,64
99bd060a-28b7-4516-a6a8-2c48f5240702,power,0,0.5943,medium,65
e9b3e9c2-bec0-4f59-9c40-c6a40d03cb81,power,0,0.588,medium,66
25926037-b6c1-4e94-9c10-12ab5336e6d1,growing,0,0.5788,medium,67
92e22edb-2fbe-4ac8-860e-bedc9a0ab87a,growing,0,0.5782,medium,68
b19944c1-6c4a-4ea5-90f8-e522d3031cfa,growing,1,0.5777,medium,69
9944cf1e-ae15-4541-9e97-b9762a636e79,growing,0,0.5745,medium,70
4915bb37-8265-4ae1-b70b-4fbaa0a7b3a4,growing,0,0.5741,medium,71
ec799329-5458-4c9b-8cf0-07da81caa940,growing,1,0.5729,medium,72
fda49684-d063-41f7-b6e4-d44f87b04069,growing,0,0.5725,medium,73
10acc7ee-bdff-4fb8-aa2d-1d4c965f603c,growing,0,0.5715,medium,74
d99794ba-fb20-4821-8441-aebe5d96ee36,growing,0,0.5667,medium,75
fa83f9cf-3be7-4f34-909b-0c65820fcff1,growing,0,0.5648,medium,76
64a94d2c-3d06-401f-9463-285c4e40ddb8,growing,0,0.5644,medium,77
6d78a9e1-adbc-4ad7-b630-252401cfd19b,growing,0,0.5643,medium,78
2b7494d0-76a3-40a8-9a77-9e9af4122745,growing,0,0.5643,medium,78
e462c99d-ea35-4069-93de-54036fa5156c,growing,0,0.5628,medium,80
7ddb952f-d696-48fb-bcab-583bf6252eb3,growing,0,0.5622,medium,81
e742a355-da30-41a4-b63c-59335f598cdb,growing,0,0.5618,medium,82
81764961-3990-4aea-a750-31b6561eb222,growing,0,0.5608,medium,83
d64ae13d-8040-4060-a2c9-76c1a03dfcfe,growing,0,0.5583,medium,84
f647568a-db63-4f7a-83c1-4d1b85b53034,growing,0,0.5574,medium,85
113cf675-7d53-4e70-90b9-7442e04b9f9c,growing,0,0.5555,medium,86
798e4159-e28b-44b5-b885-be93a6b40b91,growing,0,0.5554,medium,87
36fc36af-cc8c-4967-a656-afc19e826a88,growing,0,0.555,medium,88
42a9bffa-4175-4349-96bf-16c8b3494e42,growing,0,0.5549,medium,89
008e74f0-3ab0-4bf9-9886-8a0453e049a6,growing,0,0.5548,medium,90
708d44ed-5ee9-4b38-b817-0105f721e337,growing,0,0.5537,medium,91
8e3ffe58-0861-4e56-a818-7e973fac036d,growing,0,0.5531,medium,92
80423f68-59e4-4aee-916b-4c81ee719283,growing,0,0.5518,medium,93
14a72e3b-0a1a-4b1f-ac45-4bed8f6e7bf3,growing,0,0.5514,medium,94
33f69900-0bea-45f8-bae2-b55064c36345,growing,0,0.5509,medium,95
66646526-0eb9-498f-aed0-4a61dedee9d8,growing,0,0.5498,medium,96
441ee9da-8128-4fd7-8859-7d93a33187f0,growing,0,0.5492,medium,97
4a287c1e-00ca-443f-ac0e-30616816f6de,growing,0,0.5486,medium,98
92bb5a67-38c0-4129-9b0a-1e89f83c0680,growing,0,0.5478,medium,99
f6b67d2d-ed93-4ee0-998d-fef9a4d1fcde,growing,0,0.5477,medium,100
6fe90ee1-0921-4b8c-9aba-142ce8180833,growing,0,0.5469,medium,101
ff4b5be0-c0d7-4b8f-a7e7-e6cbcecad843,growing,0,0.5469,medium,101
e8a7294d-ed53-4a36-ac2e-748385dffb67,growing,0,0.5462,medium,103
18d68cc5-2907-4ced-b751-9714f0e3c5dd,growing,0,0.546,medium,104
ae7cf947-e051-4bab-9181-11e8aab293df,growing,0,0.5455,medium,105
1928bf81-9ddb-48b9-ac16-595c111dc42e,growing,0,0.5452,medium,106
4ee2fa07-6623-4908-b3fc-baa4c9d2830d,growing,0,0.5447,medium,107
e73c4a95-2985-4ed3-b92f-a25664279278,growing,0,0.5444,medium,108
8b1e0160-7d3f-452a-aa84-6018497a20de,growing,0,0.5438,medium,109
07d19ad0-9bf7-4d25-805c-2eeef4d46342,growing,0,0.5436,medium,110
99a40cb9-600f-4370-94cd-d6f8568db26b,growing,0,0.542,medium,111
6014b3b6-edaa-431e-9bc6-64933f2d90dc,growing,0,0.5411,medium,112
ef804765-a810-4764-a91c-d9d69c6d021d,growing,0,0.5407,medium,113
253e48ff-4213-4765-bbfc-e59109ca9a4c,growing,0,0.5396,medium,114
83fbeda6-9966-44d2-9a50-e8e10aa2f125,growing,0,0.5392,medium,115
a36387dc-8e99-4d55-a73a-f74a57dfe77d,growing,0,0.5385,medium,116
d9aebb8d-2ac8-4299-bab1-657b9994396c,growing,1,0.5383,medium,117
1f77cfac-6154-4fcd-809e-5d911d658c71,growing,0,0.5372,medium,118
be30681f-30d1-4d15-9921-aab947c14ac1,growing,0,0.5361,medium,119
f45b5e79-8fc5-4ba6-959c-dca4f0809c7e,growing,0,0.5354,medium,120
4e03e7a5-24da-4d87-886e-46d7c9cf8db6,growing,0,0.5354,medium,120
e0b7ea55-e484-4546-89e3-361749e3da53,growing,0,0.5354,medium,120
cb8cbad8-8e55-457a-968f-5265a78387a2,growing,0,0.5353,medium,123
0c6d5e8c-abbe-4db7-b49d-6fb5dacbf808,growing,0,0.5339,medium,124
57fb7663-98c6-45a4-a3aa-560356324bdc,growing,0,0.5315,medium,125
3ba76450-6940-44dd-a78e-81c179d7e24d,growing,0,0.5315,medium,125
776de7ed-7b7a-44c1-8316-cdd86d32052c,growing,0,0.5315,medium,125
2d35be57-8c20-414f-a740-ef3e3abf034d,growing,0,0.5306,medium,128
79fae460-cc84-4326-a206-c572e788bda5,growing,0,0.5283,medium,129
7b23c093-e96e-42d7-ad4c-7dee447018f2,growing,0,0.5282,medium,130
80da5900-102c-48c8-b7ba-1dd897fe04a4,growing,0,0.528,medium,131
478bbb45-d098-4dc4-9f0e-1fe203242a2a,growing,0,0.5278,medium,132
f7184a5c-47c3-4e82-9ea0-a96ad8b8d1e2,growing,0,0.5271,medium,133
289fb788-3e31-44ec-96dd-e819dcac206a,growing,0,0.5259,medium,134
76dbf4b6-22b8-43ea-8e43-12cddaa89f42,growing,0,0.5252,medium,135
ef526ac0-fd80-4e0e-97c7-c5dc2ea6a48b,growing,0,0.5252,medium,135
2be70134-91d5-4de1-b0cd-80ed94a651e5,growing,0,0.5244,medium,137
51ac6111-12d5-4cb1-aa79-e4669866831e,growing,0,0.5236,medium,138
a53d9941-8938-4fda-8400-1d4a4f7333a7,growing,0,0.5218,medium,139
d69476b6-7649-4b2d-98aa-1dbb8a9373c9,growing,0,0.5216,medium,140
d6a4f308-0dc5-4818-b125-32492f192994,growing,0,0.521,medium,141
4531c232-286b-4847-86c4-541080ad4884,growing,0,0.5202,medium,142
fe7d498a-e5d0-4371-abba-b8d505405d1a,growing,0,0.5201,medium,143
c7c51fa2-4329-42cd-8bfe-0c9d13945faa,growing,0,0.5197,medium,144
e95b26a5-09fb-401e-896b-0314a77c119b,growing,1,0.519,medium,145
d97c3a36-d72f-4359-9eaf-f179d9caa0ee,growing,0,0.5181,medium,146
9e6de851-be87-45d2-a32c-217413db6a39,growing,0,0.5178,medium,147
8978e73f-a45f-4c14-bfeb-be5725132478,growing,0,0.517,medium,148
92ba0275-75a1-465f-aec9-820c85967000,growing,0,0.5161,medium,149
308b6572-f9b9-4958-813f-56e765db39f5,growing,0,0.5156,medium,150
fffd33f6-0e08-4566-92c7-4dba464addbf,growing,0,0.5151,medium,151
65ed1a36-19c0-48ac-bd23-5f386eb35b1c,growing,0,0.515,medium,152
15e66237-d2cb-42d7-aa76-860d5f766aff,growing,0,0.5149,medium,153
617d35b7-e588-49b8-ba78-2d3adab8e9f0,growing,0,0.5148,medium,154
f1830aa6-3b3c-48ab-a6d9-1c564ff0de6c,growing,0,0.5143,medium,155
c561eaf1-0424-4b28-9242-384f6eef1343,growing,1,0.5137,medium,156
d60f7db1-4ccd-4671-a9dd-cc1ea7693c77,growing,0,0.5134,medium,157
424144b0-445e-437a-81f0-550ce06c9487,growing,0,0.513,medium,158
5bca1ba2-511e-4026-bea4-e7d6580b48ae,growing,0,0.5124,medium,159
d0c4a22c-616a-486a-81bc-34c86f08a9ec,growing,0,0.5107,medium,160
0da8eca8-8eb8-4224-9011-660f801f3183,growing,0,0.5099,medium,161
70ee2e43-d1b6-494e-b2cf-d4d5cacd0947,growing,0,0.509,medium,162
4ffb9159-25cb-4b82-bcda-2edf87903155,growing,0,0.5085,medium,163
5720cf36-de35-4a9a-8521-952b7b70a6a2,growing,0,0.5081,medium,164
b7c82afa-c27e-4275-a9e0-b9974c24e3d4,growing,0,0.5068,medium,165
0d9105cd-cf52-4650-9f23-6fda816ee45b,growing,0,0.5062,medium,166
16f4029c-fa4a-4063-8c73-a2518b44991f,growing,0,0.5044,medium,167
89599686-4710-4d1b-b486-2b88d26693ae,growing,0,0.5015,medium,168
31872ada-5ae2-403d-be6b-2a4cf21af266,growing,0,0.4999,medium,169
6fe7dce3-b15d-4eaf-a125-c61c3177f987,growing,0,0.4986,medium,170
f93e0bf0-cf14-48a0-9195-fd3863958c09,growing,0,0.4961,medium,171
1bbfd6a0-5d46-4c6e-b9ef-f7093b775acf,casual,0,0.4954,medium,172
5483a7eb-d024-4d86-9775-aeb018327b01,growing,0,0.4947,medium,173
4196806f-cb18-42a5-90b3-ad8d009c234e,growing,0,0.4936,medium,174
874757b0-3f1a-48f1-a061-15cd3055b427,casual,0,0.4889,medium,175
3e08a17f-1423-46ed-8e6f-6a514da42eb7,casual,0,0.4889,medium,175
084a7d1d-dd9b-494e-8bd7-1519281aaa0a,growing,0,0.4881,medium,177
d2fbf7c7-a867-4948-b470-a35e98631f05,casual,0,0.4866,medium,178
2d5a4e2d-e7f9-4f27-ba51-862298fd6608,casual,0,0.4863,medium,179
54f85396-7e53-4a80-8833-b8bed7e87f2c,casual,0,0.4859,medium,180
a826476a-1aac-455f-9837-407919b85319,casual,0,0.4858,medium,181
eb731fae-509e-4ff2-b69d-4223ffd22ce4,casual,0,0.4854,medium,182
25fc2a91-c5ac-4d4e-8e7e-594f3ac5cc42,growing,1,0.4845,medium,183
40bb56c4-8cf3-4a8d-916e-40a3dbee3098,casual,0,0.4843,medium,184
3e3fa74f-66d1-4cd0-93b0-d949760c00d5,casual,0,0.484,medium,185
54c5f50e-6769-43f0-9723-f9f7f05bc11b,casual,0,0.4839,medium,186
ed31d765-1ea6-4e8a-86f4-bbb2be921506,growing,0,0.4838,medium,187
e068c7bd-61f3-41c2-ba21-40c436b6a3ad,casual,0,0.4834,medium,188
179bbbc4-bdb5-405b-bc56-e9d19834bcce,casual,0,0.482,medium,189
36a37303-34a4-475b-baed-a2c81a7e0b31,casual,0,0.4819,medium,190
824fe036-93fd-4630-83ac-f9eaec8c99b7,casual,0,0.4815,medium,191
ee770ae1-4f81-4a39-9c0a-11154c8f15e5,casual,0,0.4808,medium,192
aacbd2d6-a042-4678-88b7-ca6cfd7fd950,casual,0,0.4805,medium,193
1e4c7d6b-b88a-4a31-9e53-db215b97bf18,casual,0,0.4792,medium,194
09b8d04a-116b-4414-9cb6-aad1b5462401,casual,0,0.4789,medium,195
ef2820e0-d8f6-46d3-9066-6ded902a818b,casual,0,0.4777,medium,196
988703a9-6405-4e01-9086-7a54cbaa4e9b,casual,0,0.4762,medium,197
1ca54d30-6a2f-4e87-8ee0-4f65ec768355,casual,0,0.4759,medium,198
0284622f-2e85-48f2-83d9-afe14946d2f1,casual,1,0.4748,medium,199
04bb2c8a-0815-41a1-bef5-c0073688bfbf,casual,0,0.474,medium,200
33e2a55d-f574-49bf-a980-e4b65cdc2ed3,casual,0,0.4734,medium,201
b442be63-7353-41a0-894e-1b1dcfd8a310,casual,0,0.4718,medium,202
24d73b6e-d205-4c19-97f7-b3777fba18f5,casual,0,0.4707,medium,203
72a4e6db-449d-4af5-8cc8-17ae826a06c5,casual,0,0.4706,medium,204
579d229e-8572-44e3-9fe8-d984868ccb50,casual,0,0.4705,medium,205
69755d24-4af7-47d3-9509-c268c75f8669,casual,0,0.4703,medium,206
5913b821-9576-4e7e-a4e6-1a50a4944e8b,casual,0,0.4703,medium,206
63e5e3d0-6b16-41db-9823-09c2babf2fa9,casual,0,0.4696,medium,208
c045b5d3-3d08-45ad-b205-c00075fd412f,casual,0,0.4696,medium,208
a331e03b-894d-4c00-8603-e1521a21364f,casual,0,0.4693,medium,210
6b9e4e95-d1ca-4bf1-b069-2c52aaaaf387,casual,0,0.4691,medium,211
45aad5ce-b39e-4e73-bce1-b639282c418b,casual,0,0.469,medium,212
3c483516-5e44-44e1-a99f-d98d45770985,casual,0,0.4682,medium,213
21031191-804a-4301-a1ce-8247a83314ab,casual,0,0.4682,medium,213
9d407b3d-5e34-4ee1-bf93-299605d3d81a,casual,0,0.468,medium,215
a0c7eb2a-3b48-4111-a47b-c768f5fcb93d,casual,1,0.4673,medium,216
032767c7-4a34-4ff5-ae33-48f3d5738d41,casual,0,0.4663,medium,217
f4c51357-cfbc-4474-8b98-3579ae123235,casual,0,0.4662,medium,218
d13996df-e8e4-402f-9846-dca575b2b16f,casual,0,0.4662,medium,218
1aa1117b-e27d-4b2c-80dd-4fe9049938e0,casual,0,0.4657,medium,220
d2e17109-d3ca-4234-b18c-85862e6d0a3d,casual,0,0.4657,medium,220
7c51c9aa-d0a1-436b-b3c2-00dcc2b19d28,casual,0,0.4655,medium,222
b0d0d73f-d3a1-48d9-9c07-6400496cad69,casual,0,0.4649,medium,223
5403c8ff-b713-42e3-bcd0-1e69e2fd2991,casual,0,0.4648,medium,224
d6cf1b6a-e9f4-44ee-8d4f-9d9b88160a90,casual,0,0.4648,medium,224
af6d33ea-80ab-4a56-b38b-179aa15ce4cb,casual,0,0.4647,medium,226
2ef3bf6a-bd66-40ea-b51e-01e116039cfd,casual,0,0.4646,medium,227
0a80fe4f-0049-4ac6-821b-56a55c1baf6b,casual,0,0.4644,medium,228
58fbe73d-e84a-401e-9cf8-6a9fd3aabb23,casual,0,0.4642,medium,229
a868300d-64d3-42b8-8963-23fcdece364c,casual,0,0.4642,medium,229
e8f134b9-d37a-4915-86db-8e0a01932e3d,casual,0,0.4632,medium,231
1d5059c8-eb1d-4405-9755-d942888cd5fc,casual,0,0.4631,medium,232
7d38eca6-ae24-4d9e-96c6-22bdc55eebc9,casual,1,0.4627,medium,233
29091d3a-27dc-419e-b0a1-e13ef8a4e6fc,casual,0,0.4624,medium,234
7d2da87a-42ac-4fd6-8ac9-7828c46d47d9,casual,0,0.4623,medium,235
2c1b305d-1249-456e-b451-75b85411cf8c,casual,1,0.4616,medium,236
db9ebb82-4285-43c3-a5e7-c16a46bd1c53,casual,0,0.4616,medium,236
07629bba-708b-42ef-b75e-ea3d1c849800,casual,0,0.4611,medium,238
a59b90ce-f265-4f59-bf80-0a0e2b218c4e,casual,0,0.4609,medium,239
c1149516-d6c0-4d54-90b4-d230e8b40ecb,casual,0,0.4608,medium,240
bb303f83-0e3b-456c-8313-ac5fe4d041a8,casual,0,0.4606,medium,241
66be1564-d377-443d-aacd-f8f90b63949c,casual,0,0.46,medium,242
22376dcb-8d66-4855-b6e8-9579a195c28a,casual,0,0.4599,medium,243
b74d0ab2-206e-42e6-9be6-7d380ed67af3,casual,0,0.4595,medium,244
f1c2bc72-f42b-4146-ba43-a7da58bcac5c,casual,0,0.4594,medium,245
b6fb9615-37ca-4de3-8011-81fdce2c61f2,casual,0,0.4591,medium,246
6203045c-521e-474c-b30c-1b047813a67a,casual,0,0.459,medium,247
c2a099b9-1d75-4ce8-a9b7-95c3bcf215a8,casual,0,0.4588,medium,248
b99791b2-ec54-40c0-b3f6-3f8a130518b2,casual,0,0.4588,medium,248
76c3283e-d6aa-43bd-b36e-212c64de89bd,casual,0,0.4583,medium,250
f48697c0-b16e-4e49-ba3e-ec0b5b5bc59a,casual,0,0.4582,medium,251
d6c075b9-2a59-4e21-b86d-a05b3cbd2dc9,casual,0,0.4582,medium,251
229fa8d0-1593-4ca8-bbbc-9c9092c24221,casual,0,0.458,medium,253
7ad51778-4aec-483d-b8bb-e82b2810ef61,casual,0,0.4576,medium,254
ab6a3309-85bc-492d-b991-6e6c6939554b,casual,0,0.4574,medium,255
3e66d2d1-0eff-4b69-a6fc-2ee6a39c720a,casual,0,0.4573,medium,256
44bf0042-8639-482e-b276-45f5d7841407,casual,0,0.4571,medium,257
faa383de-38a2-4d5b-9021-5a1681a6d261,casual,0,0.4564,medium,258
897809ce-abda-4e9e-b47b-25bfa1f57ebf,casual,0,0.4559,medium,259
e7a52728-821e-4653-9f64-1048253eb4c6,casual,0,0.4551,medium,260
f02e2f11-b4ef-47f2-82d0-aa6ee298c9c4,casual,1,0.455,medium,261
e3260421-7420-4e0f-81e5-0a6231b6353c,casual,0,0.4545,medium,262
f13578b4-3732-4352-b96b-411b333cd294,casual,0,0.4539,medium,263
651f58d2-5276-468b-8e20-179144ecf35f,casual,0,0.4537,medium,264
b26dcb74-20a5-4c52-b483-7c6b9a9a515f,casual,0,0.4517,medium,265
23a3fa3c-b53d-4d36-b975-0af265d11455,casual,0,0.4512,medium,266
a7227756-1a55-4a04-adc0-e23a4b33f354,casual,0,0.4512,medium,266
312be6c2-7ad8-4fd2-92c7-cf554927ffc6,casual,0,0.4511,medium,268
8c2ce5d9-7ad1-4fbb-89a9-dc8707045af4,casual,0,0.4511,medium,268
9528b5d8-5f91-43a7-a592-0bf0c450e56e,casual,0,0.4502,medium,270
0b32404c-fc75-4ac6-9039-0abcc79357cf,casual,0,0.4499,medium,271
0f66a1e7-e8a4-4417-897d-ffb23c7c4b16,casual,0,0.4495,medium,272
927dc693-b9fe-4bb7-9495-90fb954b9018,casual,0,0.4492,medium,273
fc9f99ec-0f6a-456a-bbc9-3d2184023629,casual,0,0.4491,medium,274
1c0c3e3e-3e21-4a60-8861-3e40fe937685,casual,0,0.4491,medium,274
d5a0acfd-c9ce-4404-bb45-ad1044546323,casual,0,0.4488,medium,276
45208cb7-178b-4962-a6bc-0c241e440ecd,casual,0,0.4485,medium,277
a2d8eb5a-706d-4535-91e9-9c14ed911655,casual,0,0.4477,medium,278
8cb8d17e-bf3d-47b1-882d-5d298fca3552,casual,0,0.4474,medium,279
282141d2-b1e2-4ba0-a32e-d18f0684c238,casual,0,0.4473,medium,280
5280dc78-0840-45ae-b367-dbff7f9f29b2,casual,0,0.4472,medium,281
d9c530cf-5923-4ebc-8b5e-4d4477dd3b08,casual,0,0.4468,medium,282
8214a112-65d5-48a1-8139-d5a98abbf919,casual,0,0.4466,medium,283
e602cd18-4c34-4e43-bdf6-45b421b3b709,casual,0,0.4465,medium,284
70aa8287-13e7-44d5-8e26-989ac2b91708,casual,0,0.4457,medium,285
303d818d-2930-4c69-8bb3-5b38d50dd8d4,casual,0,0.4457,medium,285
cfab7ff7-a5cc-4212-ace2-1ef98b9278bc,casual,0,0.4451,medium,287
acc4b0ec-d2b6-42d5-a464-44dbf4a33d7b,casual,0,0.4449,medium,288
029a34cb-0676-486c-833a-3ffe68ba6ffb,casual,0,0.4449,medium,288
cddeea08-932d-42dd-9509-823e07e86682,casual,0,0.4449,medium,288
9a0bbfdb-6dc0-4837-aa6e-d24806af6e7d,casual,0,0.4446,medium,291
909c81f2-cae1-4828-a88f-be4394cbb94b,casual,0,0.4444,medium,292
388a0494-b81f-422b-8177-a49b9a2c2411,casual,0,0.4442,medium,293
685c1cad-05be-4a4e-9893-f60e814d94b1,casual,0,0.444,medium,294
51873731-29d0-44d1-a8b1-52db476eb63b,casual,0,0.4437,medium,295
94c5d96e-1bf1-402b-8952-eac08222960f,casual,0,0.4432,medium,296
4164966a-3afc-4514-9d60-0f8d98ff39a1,casual,0,0.4415,medium,297
108ad7ce-62e7-40b2-8e94-373a60c9686b,casual,0,0.4414,medium,298
3e1f3a1a-f04f-45dd-a890-be19ea430734,casual,0,0.4408,medium,299
72ac4319-9dc8-4ef3-93fb-00af573722b3,casual,0,0.4406,medium,300
332f7f97-997e-4db8-a901-8d14c18fabe9,casual,0,0.4404,medium,301
c073505f-7106-4e86-a3b7-560b7ad6ce2f,casual,0,0.44,medium,302
90882550-1d3d-4b21-a9aa-aa420f41db15,casual,0,0.4398,medium,303
e87dde78-d4de-4734-8da4-952079661d01,casual,0,0.4391,medium,304
12cbe752-bdcf-4fda-ad4d-1fb71e5465ed,casual,0,0.4391,medium,304
91dcb3e5-3837-4f66-918b-5eecb72cd9a6,casual,0,0.4387,medium,306
c56f338b-ecf9-4050-b610-3e0e0ccca782,casual,0,0.4384,medium,307
0573acb0-5c14-467e-8aa0-02dcaf0ba8ba,casual,0,0.438,medium,308
654956a6-137c-4858-8d5b-920186b94bda,casual,1,0.4374,medium,309
868230cf-6b3a-4766-b86c-48e048b3cfc6,casual,0,0.4365,medium,310
8269603b-7401-41e8-9315-73b9d137b40b,casual,0,0.436,medium,311
04f2c018-1504-4803-a9bc-b7c1d60c5648,casual,0,0.4358,medium,312
87217b03-0ec5-45e5-9a6a-65f3969af405,casual,0,0.4352,medium,313
4f6aa7b6-dc2f-424e-b6cd-2ab3486c43f7,casual,0,0.435,medium,314
f07067da-bbcc-4727-a6cb-72df454a4573,casual,0,0.4344,medium,315
9d0c8e88-f9e9-4298-80cd-4fa82353d3e5,casual,0,0.4342,medium,316
d7068cd4-b14c-4b8e-a02a-c15d579673c8,casual,0,0.4324,medium,317
548b9cc6-adba-4bcd-9c4e-909bbbea3f97,casual,0,0.431,medium,318
16250edb-3308-4df9-bbfe-473860b211a8,casual,0,0.4298,medium,319
864eebd7-66d9-4055-be69-40ee44e44d3d,casual,0,0.4287,medium,320
9778be6a-d771-488b-adbf-df80ae3672f1,casual,0,0.4282,medium,321
7bdfb58e-a838-4736-8e0e-62caba861e3c,casual,0,0.4259,medium,322
9b25b79d-004d-45c1-8a37-e2cf7fea1541,casual,0,0.4253,medium,323
09ddecdb-02ed-4422-8e58-34fb436e1f41,casual,0,0.4231,medium,324
ce6f0974-3db1-48c9-bbaf-05bae5507921,casual,0,0.4226,medium,325
6f74c815-894a-4a62-9cad-d0cff171be12,casual,0,0.422,medium,326
6c89f718-8ecd-4c33-919c-b90db4fc7d26,casual,0,0.4218,medium,327
6a7eab5d-1236-400c-ba38-759120260e40,casual,0,0.4206,medium,328
a8535114-efe0-47e3-b90c-bb2d87353b9b,casual,0,0.4206,medium,328
0d8143a1-dfa0-4048-accb-ff436fbebb07,casual,0,0.4187,medium,330
b936edcf-6df6-422c-99e5-3e8f417e6bf1,casual,0,0.4164,medium,331
4e1e7ac5-376b-4491-85ca-7eb895475067,dormant,0,0.4005,medium,332
f9321d1d-4b1c-45cd-bdd2-5482f1477322,dormant,0,0.3964,medium,333
f2b49758-2c2f-429a-ad3c-210877378d87,dormant,0,0.3962,medium,334
0ca2969f-b18b-473c-8b88-becc1c00844e,dormant,0,0.3888,medium,335
41836fdd-0b89-4b20-9848-69cc9cbd68ab,dormant,0,0.3875,medium,336
03aa5cd9-ef29-4287-a29c-43b1234e86ec,dormant,0,0.3872,medium,337
2a202137-5d39-41e4-ad39-3c3f6dd1096e,dormant,0,0.3864,medium,338
f9c8b7b8-e570-40fc-ba19-59d846ac7669,dormant,0,0.3847,medium,339
eb75ee65-554a-4a56-bc1c-153769c5d97c,dormant,0,0.3812,medium,340
2f70f51f-267a-4841-b8d4-fa256a528fea,dormant,0,0.3806,medium,341
02723192-8ed5-43d7-9234-d6b25b259057,dormant,0,0.3795,medium,342
b211c9ea-9f02-4c85-921f-f9095153fb03,dormant,0,0.3787,medium,343
18b07f80-5cb2-4816-83cf-b05e281ebbb9,dormant,0,0.3782,medium,344
dc7cf17d-0c8c-40de-9d56-b810f8be8eb8,dormant,0,0.3771,medium,345
6b8ff176-a5d8-49d5-99ef-6021701cdfe6,dormant,0,0.3741,medium,346
0a8c3074-f804-4212-9e04-ed5f70726dca,dormant,0,0.3736,medium,347
e59500bc-6b35-4377-bdcc-ec4535f95606,dormant,0,0.3691,medium,348
189ee9f2-b1ad-4110-b541-15d7bd293c15,dormant,0,0.3688,medium,349
5e9817b3-2be9-4b1b-95cd-e5cba1136371,dormant,0,0.3674,medium,350
f81b3652-3516-4c78-b66d-2871624a08f0,dormant,0,0.3606,medium,351
4f1bc32d-f684-4cc0-b6b1-03f1298c9bf0,dormant,0,0.3587,medium,352
f9ae9d4f-e09e-4fa1-9867-f7bb7f9bfd17,dormant,0,0.3575,medium,353
03d1c7db-58e6-40bb-b471-576b30de3601,dormant,0,0.3542,medium,354
bf779845-2f74-41fb-8e3c-22985a7fae10,dormant,0,0.351,medium,355
820e32e9-e3ca-4088-bb82-4318d6ceaa5d,dormant,0,0.347,medium,356
a9e0f06c-a99e-4a7d-a934-970590e9419f,dormant,0,0.3457,medium,357
91510190-1bf3-482c-8099-60d062719ac8,dormant,0,0.3456,medium,358
dbbe7ce4-e2f9-4a8e-977d-0bf5e80fa864,dormant,0,0.3441,medium,359
701e6570-4e56-4924-9e58-7c77d2398a50,dormant,0,0.3436,medium,360
dc5610e0-9dcd-4410-9a79-66caa280f303,dormant,0,0.3423,medium,361
b8c8ea85-1be2-485d-80d2-cbf494f01164,dormant,0,0.342,medium,362
d46f4d35-d4cf-47e2-849a-b3693ff3db96,dormant,0,0.342,medium,362
a9b328ab-378c-4bee-a692-bdef705f3c59,dormant,0,0.341,medium,364
605b28b7-642f-4c13-9e7d-d34ff6de79ee,dormant,0,0.3371,medium,365
fe9470c6-aff9-484a-857a-c578d551c2d1,dormant,0,0.3361,medium,366
6a644af1-a68f-41a6-af65-178bc070138c,dormant,1,0.3348,medium,367
53758614-961f-4cb7-837c-a5dd4cd38af4,dormant,0,0.3333,medium,368
59012885-9610-41ed-b84e-16b90e316a22,dormant,0,0.3326,medium,369
66ad7bd4-e0da-4cfb-8daa-92fd01ed4feb,dormant,0,0.3325,medium,370
d83e6d25-4d93-4a40-8acc-a9fa76c6232e,dormant,0,0.331,medium,371
8d6d6290-a8e5-4bed-85f9-1f5b17edd36c,dormant,0,0.3292,medium,372
b4e9f617-11dd-4517-94de-586c4de25818,dormant,1,0.3287,medium,373
d96671d5-7881-4c1c-939e-c19844e776db,dormant,0,0.3272,medium,374
5d6620b3-d3ba-483e-8885-8e72e915867f,dormant,0,0.3251,medium,375
3d574ef4-ff20-4713-80a8-e3f74dc1cbb6,dormant,0,0.3241,medium,376
d14f9c0e-3891-4f45-ae8a-afa9ca134028,dormant,0,0.3235,medium,377
a710361b-4332-4e0c-b0ab-c7d245f95f78,dormant,0,0.3226,medium,378
28ceff8c-b1ef-4a3b-a51f-588bbf32b825,dormant,0,0.3209,medium,379
881e1cbc-a0b3-433f-b22d-76f5a015fc14,dormant,0,0.3207,medium,380
09012a5c-4636-428c-929c-02037c19a24d,dormant,0,0.3207,medium,380
4021233d-7a02-471c-840f-ee00b47301b8,dormant,0,0.3194,medium,382
184b6019-c86d-4cc9-a6c3-5db7bc32dbee,dormant,0,0.3194,medium,382
b4855d89-dfd3-4b1c-9f19-f37ef989d164,dormant,0,0.3189,medium,384
c65bb1d4-114f-414a-8b51-035ea85c9e3c,dormant,0,0.3186,medium,385
4e0fb6a2-2ec8-46bf-8a44-ffe946ebdff2,dormant,0,0.3185,medium,386
7a2721f1-7b2e-4ef4-9ab2-e142f2cc1c5c,dormant,0,0.3166,medium,387
22b699f2-5b58-407b-bdd5-6fd24652e2aa,dormant,0,0.3137,medium,388
3e2fed09-26f6-4cdb-8e5c-0d3e987de50a,dormant,0,0.3135,medium,389
cd0e09d6-865c-452c-b977-5dc99b6fdfa1,dormant,0,0.3117,medium,390
2857746b-49c7-473b-8710-2802a2164679,dormant,0,0.3103,medium,391
58d5fdc9-5256-4955-b429-aad1cc7be68a,dormant,0,0.3103,medium,391
4dbecf23-549d-4b6e-8ce7-39be899dd3b8,dormant,0,0.3088,medium,393
dec2e7c4-ae23-4e88-b9a1-957e7af72ca0,dormant,0,0.3078,medium,394
344a09ae-9589-495e-a016-785f64538975,dormant,0,0.3064,medium,395
54e04ffd-bec0-41f8-b999-7cf9973d8626,dormant,0,0.3054,medium,396
fd3e47de-e7f8-4cb9-80b4-8a05014f2a6c,dormant,0,0.3032,medium,397
b20ccb7e-6137-4cdd-ae50-0bab35117a0d,dormant,0,0.3022,medium,398
8ce27713-731c-42ea-9d7b-48f3a40a78de,dormant,0,0.301,medium,399
9723654e-64a2-4d72-9f26-87e2da47a70f,dormant,0,0.3003,medium,400
b0ebeeef-6f7f-4fe4-8846-079c21660a0f,dormant,0,0.2996,low,401
5100f860-0716-40df-9325-8108cbb45c0e,dormant,0,0.2963,low,402
15690618-47b5-4b9b-a0ce-ddecf49f448b,dormant,0,0.2951,low,403
f07e5405-c396-4605-bf81-af4bc409ad27,dormant,0,0.2936,low,404
1b80c0d1-0e37-4b44-95b2-ea22acf04372,dormant,0,0.2936,low,404
d2f29e52-e65f-4d16-891c-1c853638bcec,dormant,0,0.2922,low,406
a9f3243b-24db-4218-b905-b8ebcb831465,dormant,0,0.2922,low,406
38d2e5fb-edd2-4cd1-b423-6872b53a1783,dormant,0,0.2917,low,408
adf21dec-e224-41be-b787-7cdf76289122,dormant,0,0.2902,low,409
0e5bb059-0b6d-4410-9d32-a8cca522f4b1,dormant,0,0.2893,low,410
06df2389-dd86-482d-a320-439757c5b3fe,dormant,0,0.2893,low,410
d0bb5f29-4b90-45bc-a0dd-8fb79a7110b1,dormant,0,0.2884,low,412
9b1415e2-cd89-4674-affa-3010114657ca,dormant,0,0.2851,low,413
2f667a04-536f-41a6-9997-00b7a0948f40,dormant,0,0.2842,low,414
9344cf9f-8848-46b5-bfa6-9591ffc99bec,dormant,0,0.2832,low,415
457c2901-c836-4d96-86ef-d92d5770a963,dormant,0,0.2811,low,416
8ee5ddfa-4860-485b-a4d2-35fa6dede2aa,dormant,0,0.2791,low,417
0518f5d5-d7d9-4ba5-8c97-4c2405131f01,dormant,0,0.2791,low,417
a30844d4-0c23-44cc-b16c-7640776cdefd,dormant,0,0.2788,low,419
565c0dcd-52ed-4325-a2f1-8a14861093f5,dormant,0,0.2773,low,420
564662c2-b9a4-4580-a54c-0f93bf04ef82,dormant,0,0.2772,low,421
1486b10c-98e9-4498-831c-5f17b03295c6,dormant,0,0.277,low,422
aa8fe460-8f66-4e6c-a954-862b0b5569d5,dormant,0,0.277,low,422
9c4308dc-0ffc-427f-b78b-51c2a5bcb3d8,dormant,0,0.277,low,422
bfc6b6c8-fbb2-479c-91bf-4adab2d667f1,dormant,0,0.2736,low,425
97f06723-67f9-4270-992e-022fc98d9710,dormant,0,0.2733,low,426
0a9d922b-c02e-4ef8-bc1e-bac179f6ddcc,dormant,0,0.2729,low,427
24625ca2-a2c1-4c34-814f-85d82b883938,dormant,0,0.2715,low,428
78df3ea6-e2f6-4ae6-af7e-8162dcc8d86c,dormant,0,0.2715,low,428
d6e12508-6926-4fac-b0e5-4a3bb98dfe08,dormant,0,0.2711,low,430
87854e16-e6b2-45b8-9261-69a6b7d39e31,dormant,0,0.2692,low,431
c74046aa-1fd1-4bf0-bf9c-a0b6a4203a7e,dormant,0,0.2684,low,432
07a6792b-9ddc-4725-8d5e-10878ce7670d,dormant,0,0.2661,low,433
db2ab0a4-d9a6-4cb4-acb1-20d575beb2b0,dormant,0,0.2652,low,434
386dd78a-afc5-42bf-bc5c-b8130197eacb,dormant,0,0.2641,low,435
61527d41-11ae-47da-a39a-1363b3ca1e8d,dormant,0,0.2625,low,436
129f7ef7-23cb-4371-baf0-ebd90fa9ed7c,dormant,0,0.2614,low,437
55dbeae9-6664-4ee6-b01e-cf972837c44a,dormant,0,0.2612,low,438
b839d4e7-7adc-4b51-bc7b-8d661a5cbf70,dormant,0,0.2608,low,439
8e92790f-ff63-4ae3-a0f8-42c1ce41e767,dormant,0,0.2588,low,440
37c7635f-a796-437a-82d8-03a17ddf4cdb,dormant,0,0.247,low,441
bf704f9d-72ef-4d7a-8b94-a90d01b744fa,dormant,0,0.2432,low,442
